{
  "timestamp": "2025-11-15T15:42:53.700069",
  "total_folds": 5,
  "models_tested": [
    "Baseline (No Weighting)",
    "Time-Weighted (\u03be=0.003)",
    "Time-Weighted + DC (\u03be=0.003, \u03c1=-0.040)"
  ],
  "metrics_by_model": {
    "Baseline (No Weighting)": {
      "accuracy_mean": 0.5184210526315789,
      "accuracy_std": 0.051129892704540665,
      "brier_score_mean": 0.20144132647039742,
      "brier_score_std": 0.01348531491538238,
      "log_likelihood_mean": -2.981942705700703,
      "log_likelihood_std": 0.09293477723720414
    },
    "Time-Weighted (\u03be=0.003)": {
      "accuracy_mean": 0.5194736842105263,
      "accuracy_std": 0.045868051150484805,
      "brier_score_mean": 0.19962168426970778,
      "brier_score_std": 0.011808375624200127,
      "log_likelihood_mean": -2.961950973530553,
      "log_likelihood_std": 0.08733309839358176
    },
    "Time-Weighted + DC (\u03be=0.003, \u03c1=-0.040)": {
      "accuracy_mean": 0.5194736842105263,
      "accuracy_std": 0.045868051150484805,
      "brier_score_mean": 0.19967742076493705,
      "brier_score_std": 0.011696096433568382,
      "log_likelihood_mean": -2.961950973530553,
      "log_likelihood_std": 0.08733309839358176
    }
  }
}