{
  "intercept": 0.15562526820691916,
  "home_advantage": 0.1810787179907492,
  "team_attack": {
    "Aston Villa": -0.26173928716532735,
    "Birmingham": -0.6427495853657861,
    "Blackburn": -0.4526891178186718,
    "Blackpool": -0.25845695618383324,
    "Bolton": -0.46691927051364224,
    "Bournemouth": -0.31535742498964103,
    "Brentford": -0.20824220061561483,
    "Brighton": -0.24764839077218692,
    "Burnley": -0.5924623448581912,
    "Cardiff": -0.7584999551957332,
    "Charlton": -0.6818020484866494,
    "Chelsea": -0.12958330410173313,
    "Crystal Palace": -0.3961433951371008,
    "Derby": -1.260393933647328,
    "Everton": -0.5326124197227102,
    "Fulham": -0.37560637125022045,
    "Huddersfield": -1.0860897357019361,
    "Hull": -0.6913903991359949,
    "Ipswich": -0.6853521920933098,
    "Leeds": -0.43717055062082855,
    "Leicester": -0.38661166290673477,
    "Liverpool": 0.10212663929513313,
    "Luton": -0.2846930335503428,
    "Man City": 0.15339970041234552,
    "Man United": -0.23933953046019474,
    "Middlesbrough": -0.9323173630475662,
    "Newcastle": -0.18587105638724535,
    "Norwich": -1.0165793419063258,
    "Nott'm Forest": -0.42418278837238943,
    "Portsmouth": -0.6310742299298286,
    "QPR": -0.6129946500929163,
    "Reading": -0.5189268241943165,
    "Sheffield United": -0.7903734712578872,
    "Southampton": -0.6374791149456256,
    "Stoke": -0.6046249015925589,
    "Sunderland": -0.5536545750047587,
    "Swansea": -0.5879248473341379,
    "Tottenham": -0.07997672893242547,
    "Watford": -0.6325249076854768,
    "West Brom": -0.6683696493792268,
    "West Ham": -0.35947978398616703,
    "Wigan": -0.5538027361367032,
    "Wolves": -0.4933140440783783
  },
  "opponent_defense": {
    "Aston Villa": 0.3431186972630389,
    "Birmingham": 0.4270029059613643,
    "Blackburn": 0.5591469798723375,
    "Blackpool": 0.7787249750954093,
    "Bolton": 0.5709675164299006,
    "Bournemouth": 0.45759768234834486,
    "Brentford": 0.416636586083836,
    "Brighton": 0.3970249323603795,
    "Burnley": 0.5286579391275337,
    "Cardiff": 0.65985782261099,
    "Charlton": 0.48806293722459004,
    "Chelsea": 0.21210527657287714,
    "Crystal Palace": 0.3254400498867968,
    "Derby": 0.9257097274199595,
    "Everton": 0.30674487326964095,
    "Fulham": 0.4172907522175159,
    "Huddersfield": 0.6332646429624096,
    "Hull": 0.6492222442402928,
    "Ipswich": 0.7531003747278696,
    "Leeds": 0.6458035742859407,
    "Leicester": 0.5519357053237223,
    "Liverpool": 0.11998513787393461,
    "Luton": 0.8003917470870459,
    "Man City": -0.03454023324337903,
    "Man United": 0.2899676238280602,
    "Middlesbrough": 0.43420752153491216,
    "Newcastle": 0.31727759916836906,
    "Norwich": 0.7502042144028533,
    "Nott'm Forest": 0.4526240089991518,
    "Portsmouth": 0.4549551111036009,
    "QPR": 0.6513732136903478,
    "Reading": 0.6790009205513421,
    "Sheffield United": 0.7984907596529074,
    "Southampton": 0.6592989202643569,
    "Stoke": 0.46971549635478316,
    "Sunderland": 0.2451100356867553,
    "Swansea": 0.4756785552393375,
    "Tottenham": 0.3684566087866862,
    "Watford": 0.6322363928921365,
    "West Brom": 0.5628633864566298,
    "West Ham": 0.5179650777987221,
    "Wigan": 0.5973969150386276,
    "Wolves": 0.49290067564317996
  },
  "trained_at": "2025-11-06T00:41:50.551952",
  "formula": "goals ~ home + team + opponent",
  "total_matches": 7642,
  "total_samples": 15284,
  "time_weighted": true,
  "xi": 0.003,
  "weighting_method": "Dixon-Coles exponential decay"
}