{
  "intercept": 0.173343142784054,
  "home_advantage": 0.18578869747564253,
  "team_attack": {
    "Aston Villa": -0.25709582047501484,
    "Birmingham": -0.6544902407759973,
    "Blackburn": -0.46419359047847597,
    "Blackpool": -0.27027953145510875,
    "Bolton": -0.4783834145727719,
    "Bournemouth": -0.33196005794230943,
    "Brentford": -0.21052733862495038,
    "Brighton": -0.2647831819348158,
    "Burnley": -0.6044455944129661,
    "Cardiff": -0.770395556243312,
    "Charlton": -0.6927289349012977,
    "Chelsea": -0.13461417651094187,
    "Crystal Palace": -0.4122199757176964,
    "Derby": -1.2714164656188562,
    "Everton": -0.5381272664852004,
    "Fulham": -0.3973676152709439,
    "Huddersfield": -1.0982579976721802,
    "Hull": -0.7033058792293824,
    "Ipswich": -0.693901118874972,
    "Leeds": -0.45592737921056004,
    "Leicester": -0.3974718312522804,
    "Liverpool": 0.07730110115281874,
    "Luton": -0.29564341091995155,
    "Man City": 0.14323307830777773,
    "Man United": -0.2549629689509396,
    "Middlesbrough": -0.9448123299196018,
    "Newcastle": -0.1943118585571817,
    "Norwich": -1.0283522389676079,
    "Nott'm Forest": -0.40077635904104114,
    "Portsmouth": -0.6424802669318952,
    "QPR": -0.6242915428261377,
    "Reading": -0.5300021847635932,
    "Sheffield United": -0.8008689916195744,
    "Southampton": -0.6483679448010993,
    "Stoke": -0.616444742114693,
    "Sunderland": -0.555165653404569,
    "Swansea": -0.5997209811294357,
    "Tottenham": -0.08926029458297621,
    "Watford": -0.6445019768784053,
    "West Brom": -0.6801930389920876,
    "West Ham": -0.3570837232964067,
    "Wigan": -0.565197319078913,
    "Wolves": -0.5204305994905758
  },
  "opponent_defense": {
    "Aston Villa": 0.32369021748949667,
    "Birmingham": 0.41667385521592526,
    "Blackburn": 0.548978972214627,
    "Blackpool": 0.7685497361759505,
    "Bolton": 0.5607217323665252,
    "Bournemouth": 0.46713757352626906,
    "Brentford": 0.40480635037193546,
    "Brighton": 0.37514007449195097,
    "Burnley": 0.5318285610276614,
    "Cardiff": 0.6514049630368003,
    "Charlton": 0.47742535721191715,
    "Chelsea": 0.18862231654437314,
    "Crystal Palace": 0.2987360707396072,
    "Derby": 0.9146933483471351,
    "Everton": 0.280265759923763,
    "Fulham": 0.40418862755088536,
    "Huddersfield": 0.62460823045551,
    "Hull": 0.6388946735965726,
    "Ipswich": 0.7410082723271634,
    "Leeds": 0.6521399208638325,
    "Leicester": 0.5413175119112883,
    "Liverpool": 0.13406715443103817,
    "Luton": 0.7895090866125931,
    "Man City": -0.04834934580563911,
    "Man United": 0.2814877274189402,
    "Middlesbrough": 0.4242272642715579,
    "Newcastle": 0.3102933561626072,
    "Norwich": 0.7401681706990257,
    "Nott'm Forest": 0.42064603029633646,
    "Portsmouth": 0.44440716070810127,
    "QPR": 0.6405884261783111,
    "Reading": 0.6680584220511991,
    "Sheffield United": 0.7877000799203914,
    "Southampton": 0.6489369792115873,
    "Stoke": 0.4594893297418376,
    "Sunderland": 0.24399939579094887,
    "Swansea": 0.4654857206662385,
    "Tottenham": 0.37409126238591905,
    "Watford": 0.6225695959110437,
    "West Brom": 0.5531663549188731,
    "West Ham": 0.5137973768416964,
    "Wigan": 0.5869293576883258,
    "Wolves": 0.4917462140416074
  },
  "trained_at": "2025-12-01T14:10:03.482485",
  "formula": "goals ~ home + team + opponent",
  "total_matches": 7662,
  "total_samples": 15324,
  "time_weighted": true,
  "xi": 0.003,
  "weighting_method": "Dixon-Coles exponential decay"
}