{
  "intercept": 0.2301248716524973,
  "home_advantage": 0.25495791025853926,
  "team_attack": {
    "Aston Villa": -0.37471253950756594,
    "Birmingham": -0.632633385863477,
    "Blackburn": -0.39947591053061865,
    "Blackpool": -0.22431605425235157,
    "Bolton": -0.4458251190917551,
    "Bournemouth": -0.34371127070664875,
    "Brentford": -0.2031563766956788,
    "Brighton": -0.3737611337597626,
    "Burnley": -0.5983154037040527,
    "Cardiff": -0.7341219180384785,
    "Charlton": -0.6152865999465474,
    "Chelsea": -0.035046747569438805,
    "Crystal Palace": -0.45076610485494056,
    "Derby": -1.2394131310572625,
    "Everton": -0.3567661439983283,
    "Fulham": -0.4738007057061123,
    "Huddersfield": -1.0225933823014035,
    "Hull": -0.6433589959236965,
    "Ipswich": -0.6550305582940245,
    "Leeds": -0.322311082618664,
    "Leicester": -0.2397503731832505,
    "Liverpool": 0.019977709248046864,
    "Luton": -0.2679428128576056,
    "Man City": 0.07642173753742973,
    "Man United": -0.04978710580174178,
    "Middlesbrough": -0.6108622498376328,
    "Newcastle": -0.3585160112457676,
    "Norwich": -0.6949105696721647,
    "Nott'm Forest": -0.43322003901619627,
    "Portsmouth": -0.5573271745018382,
    "QPR": -0.5971155793953983,
    "Reading": -0.4349119885924631,
    "Sheffield United": -0.7936714619633369,
    "Southampton": -0.4323366146819841,
    "Stoke": -0.5650190452829287,
    "Sunderland": -0.5880199627178755,
    "Swansea": -0.47251205053576945,
    "Tottenham": -0.09184077399725658,
    "Watford": -0.5717687551484623,
    "West Brom": -0.5401227790002274,
    "West Ham": -0.37319547668767,
    "Wigan": -0.5683627742037309,
    "Wolves": -0.5029577420893464
  },
  "opponent_defense": {
    "Aston Villa": 0.2978735376705949,
    "Birmingham": 0.29561240035343417,
    "Blackburn": 0.3477612430406536,
    "Blackpool": 0.6555210387961251,
    "Bolton": 0.35562210782708337,
    "Bournemouth": 0.43896007324209996,
    "Brentford": 0.2904752350309282,
    "Brighton": 0.2621614392819056,
    "Burnley": 0.3651478007806742,
    "Cardiff": 0.5660778470824515,
    "Charlton": 0.354885194782125,
    "Chelsea": -0.0656061215689395,
    "Crystal Palace": 0.2534942101333591,
    "Derby": 0.7869377694103938,
    "Everton": 0.1502936087215686,
    "Fulham": 0.3380048073537613,
    "Huddersfield": 0.4826883317373116,
    "Hull": 0.46697431747109597,
    "Ipswich": 0.6245619694136013,
    "Leeds": 0.5030087452376504,
    "Leicester": 0.3101165311589884,
    "Liverpool": -0.05122137282272585,
    "Luton": 0.6987185416100696,
    "Man City": -0.05700727565158399,
    "Man United": -0.041083591054521085,
    "Middlesbrough": 0.2933031565585591,
    "Newcastle": 0.2968963909001144,
    "Norwich": 0.5127661693843362,
    "Nott'm Forest": 0.3643634036721791,
    "Portsmouth": 0.2868778188415594,
    "QPR": 0.492599857579558,
    "Reading": 0.44875397224709956,
    "Sheffield United": 0.4436195280674418,
    "Southampton": 0.35517352051732853,
    "Stoke": 0.2608351122985137,
    "Sunderland": 0.3476198894457724,
    "Swansea": 0.296857216896695,
    "Tottenham": 0.14724416197915285,
    "Watford": 0.429705412087224,
    "West Brom": 0.36887403427287924,
    "West Ham": 0.34567173907957705,
    "Wigan": 0.40291599775351694,
    "Wolves": 0.34482079942720534
  },
  "trained_at": "2025-10-30T02:15:25.204305",
  "formula": "goals ~ home + team + opponent"
}